4793 083.White_breasted_Kingfisher/White_Breasted_Kingfisher_0037_73220.jpg POS 0 | 2 222 236 241 245 257 
4795 083.White_breasted_Kingfisher/White_Breasted_Kingfisher_0098_73227.jpg POS 0 | 2 219 231 241 
4796 083.White_breasted_Kingfisher/White_Breasted_Kingfisher_0004_73741.jpg POS 0 | 2 221 231 241 249 250 295 
4797 083.White_breasted_Kingfisher/White_Breasted_Kingfisher_0023_73230.jpg POS 0 | 2 219 236 244 245 260 261 263 308 
4798 083.White_breasted_Kingfisher/White_Breasted_Kingfisher_0029_73233.jpg POS 0 | 2 219 236 241 248 250 295 
4800 083.White_breasted_Kingfisher/White_Breasted_Kingfisher_0071_73236.jpg POS 0 | 2 219 229 241 245 250 295 
4802 083.White_breasted_Kingfisher/White_Breasted_Kingfisher_0073_73498.jpg POS 0 | 222 225 249 250 
4805 083.White_breasted_Kingfisher/White_Breasted_Kingfisher_0047_73251.jpg POS 0 | 2 219 236 244 248 249 250 295 
4808 083.White_breasted_Kingfisher/White_Breasted_Kingfisher_0101_73261.jpg POS 0 | 2 219 231 241 245 249 250 261 295 
4811 083.White_breasted_Kingfisher/White_Breasted_Kingfisher_0040_73266.jpg POS 0 | 2 222 229 241 248 250 295 
4815 083.White_breasted_Kingfisher/White_Breasted_Kingfisher_0048_73292.jpg POS 0 | 2 219 236 244 249 250 260 295 
4816 083.White_breasted_Kingfisher/White_Breasted_Kingfisher_0116_73295.jpg POS 0 | 2 222 229 241 248 249 261 305 
4817 083.White_breasted_Kingfisher/White_Breasted_Kingfisher_0096_73552.jpg POS 0 | 2 219 229 241 248 250 295 308 
4818 083.White_breasted_Kingfisher/White_Breasted_Kingfisher_0067_73300.jpg POS 0 | 2 219 231 241 247 
4819 083.White_breasted_Kingfisher/White_Breasted_Kingfisher_0019_73306.jpg POS 0 | 2 219 231 
4823 083.White_breasted_Kingfisher/White_Breasted_Kingfisher_0030_73335.jpg POS 0 | 2 219 236 244 245 250 295 
4824 083.White_breasted_Kingfisher/White_Breasted_Kingfisher_0003_73195.jpg POS 0 | 2 219 229 241 245 249 260 261 295 
4825 083.White_breasted_Kingfisher/White_Breasted_Kingfisher_0045_73600.jpg POS 0 | 5 219 231 248 250 295 
4827 083.White_breasted_Kingfisher/White_Breasted_Kingfisher_0017_73355.jpg POS 0 | 2 221 233 241 249 260 305 
4829 083.White_breasted_Kingfisher/White_Breasted_Kingfisher_0063_73365.jpg POS 0 | 2 219 229 245 250 295 
4830 083.White_breasted_Kingfisher/White_Breasted_Kingfisher_0012_73367.jpg POS 0 | 2 219 231 241 245 249 250 295 
4831 083.White_breasted_Kingfisher/White_Breasted_Kingfisher_0111_73369.jpg POS 0 | 222 229 245 250 
4832 083.White_breasted_Kingfisher/White_Breasted_Kingfisher_0089_73371.jpg POS 0 | 2 219 236 241 245 249 
4833 083.White_breasted_Kingfisher/White_Breasted_Kingfisher_0065_73372.jpg POS 0 | 2 219 229 241 245 249 261 
4834 083.White_breasted_Kingfisher/White_Breasted_Kingfisher_0078_73373.jpg POS 0 | 2 219 236 241 248 249 250 295 
4836 083.White_breasted_Kingfisher/White_Breasted_Kingfisher_0104_73398.jpg POS 0 | 2 219 236 241 245 249 250 
4837 083.White_breasted_Kingfisher/White_Breasted_Kingfisher_0119_73401.jpg POS 0 | 2 222 231 249 250 295 
4843 083.White_breasted_Kingfisher/White_Breasted_Kingfisher_0050_73682.jpg POS 0 | 2 222 229 241 248 
4846 083.White_breasted_Kingfisher/White_Breasted_Kingfisher_0052_73446.jpg POS 0 | 2 219 236 241 248 250 295 
4847 083.White_breasted_Kingfisher/White_Breasted_Kingfisher_0015_73192.jpg POS 0 | 7 219 230 244 247 249 295 
789 015.Lazuli_Bunting/Lazuli_Bunting_0004_14887.jpg NEG 1 | 8 222 230 244 248 249 254 294 
1485 027.Shiny_Cowbird/Shiny_Cowbird_0037_24440.jpg NEG 0 | 7 219 233 241 245 260 305 
2669 047.American_Goldfinch/American_Goldfinch_0049_31889.jpg NEG 0 | 8 219 236 244 245 255 300 301 
3350 058.Pigeon_Guillemot/Pigeon_Guillemot_0109_39872.jpg NEG 0 | 1 221 228 241 245 250 295 
3430 060.Glaucous_winged_Gull/Glaucous_Winged_Gull_0049_45065.jpg NEG 1 | 1 221 226 244 245 254 255 261 306 
3730 065.Slaty_backed_Gull/Slaty_Backed_Gull_0072_53314.jpg NEG 1 | 5 221 228 242 248 250 254 261 306 
4182 072.Pomarine_Jaeger/Pomarine_Jaeger_0059_61347.jpg NEG 0 | 5 218 228 241 245 260 261 305 
4727 081.Pied_Kingfisher/Pied_Kingfisher_0019_72659.jpg NEG 1 | 2 219 231 245 260 261 305 
5015 086.Pacific_Loon/Pacific_Loon_0044_75467.jpg NEG 0 | 7 221 243 246 261 305 
5040 087.Mallard/Mallard_0069_76926.jpg NEG 1 | 221 225 249 254 256 
5085 087.Mallard/Mallard_0004_76958.jpg NEG 0 | 221 226 244 248 263 302 
5762 099.Ovenbird/Ovenbird_0136_92859.jpg NEG 1 | 8 222 236 241 248 254 257 307 
6254 107.Common_Raven/Common_Raven_0082_102306.jpg NEG 0 | 7 221 232 241 245 260 305 
6288 108.White_necked_Raven/White_Necked_Raven_0055_797352.jpg NEG 1 | 221 233 241 260 305 
6473 111.Loggerhead_Shrike/Loggerhead_Shrike_0002_105195.jpg NEG 0 | 3 219 236 245 254 
7043 121.Grasshopper_Sparrow/Grasshopper_Sparrow_0107_116286.jpg NEG 0 | 7 219 233 250 263 
7077 121.Grasshopper_Sparrow/Grasshopper_Sparrow_0017_115908.jpg NEG 1 | 7 222 243 245 260 263 305 308 
7152 123.Henslow_Sparrow/Henslow_Sparrow_0081_116755.jpg NEG 1 | 8 222 230 241 245 263 305 308 
7270 125.Lincoln_Sparrow/Lincoln_Sparrow_0108_117773.jpg NEG 1 | 8 219 236 243 247 254 295 299 305 
7272 125.Lincoln_Sparrow/Lincoln_Sparrow_0110_117264.jpg NEG 1 | 8 219 236 243 245 254 260 263 295 299 
7594 130.Tree_Sparrow/Tree_Sparrow_0101_124104.jpg NEG 1 | 8 222 236 248 254 261 262 263 299 307 
7770 133.White_throated_Sparrow/White_Throated_Sparrow_0124_128801.jpg NEG 1 | 7 219 236 244 245 250 254 263 295 308 
7934 136.Barn_Swallow/Barn_Swallow_0075_130014.jpg NEG 1 | 7 219 231 241 245 250 295 
8096 138.Tree_Swallow/Tree_Swallow_0062_137426.jpg NEG 1 | 219 230 260 
8774 150.Sage_Thrasher/Sage_Thrasher_0031_796455.jpg NEG 1 | 7 222 233 242 246 250 295 
9090 155.Warbling_Vireo/Warbling_Vireo_0003_158484.jpg NEG 1 | 7 222 236 245 263 308 
10587 180.Wilson_Warbler/Wilson_Warbler_0034_175443.jpg NEG 0 | 7 219 236 244 245 255 260 305 
10638 181.Worm_eating_Warbler/Worm_Eating_Warbler_0006_176037.jpg NEG 1 | 7 219 236 244 248 250 263 305 308 
10967 187.American_Three_toed_Woodpecker/American_Three_Toed_Woodpecker_0033_796169.jpg NEG 1 | 2 219 231 241 246 260 261 300 305 
11634 198.Rock_Wren/Rock_Wren_0027_189331.jpg NEG 1 | 2 219 233 243 245 254 260 261 263 299 308 
