7091 122.Harris_Sparrow/Harris_Sparrow_0007_116484.jpg POS 0 | 8 222 236 244 248 250 261 263 305 
7092 122.Harris_Sparrow/Harris_Sparrow_0087_116490.jpg POS 0 | 8 222 229 246 260 261 
7094 122.Harris_Sparrow/Harris_Sparrow_0014_116494.jpg POS 0 | 8 219 236 243 245 260 261 263 305 306 
7095 122.Harris_Sparrow/Harris_Sparrow_0042_116499.jpg POS 0 | 8 219 230 241 245 263 299 
7096 122.Harris_Sparrow/Harris_Sparrow_0076_116509.jpg POS 0 | 8 221 225 244 245 263 305 306 308 
7100 122.Harris_Sparrow/Harris_Sparrow_0084_116519.jpg POS 0 | 8 222 236 241 245 250 261 263 305 
7102 122.Harris_Sparrow/Harris_Sparrow_0089_116531.jpg POS 0 | 8 222 236 243 245 260 261 263 305 306 
7104 122.Harris_Sparrow/Harris_Sparrow_0085_116534.jpg POS 0 | 8 219 236 244 245 250 261 305 306 
7105 122.Harris_Sparrow/Harris_Sparrow_0082_116660.jpg POS 0 | 8 222 236 244 245 250 261 263 295 308 
7110 122.Harris_Sparrow/Harris_Sparrow_0090_116664.jpg POS 0 | 8 221 232 241 245 260 305 
7112 122.Harris_Sparrow/Harris_Sparrow_0060_116576.jpg POS 0 | 8 219 236 244 245 250 260 295 
7114 122.Harris_Sparrow/Harris_Sparrow_0004_116581.jpg POS 0 | 8 222 236 247 260 261 305 
7115 122.Harris_Sparrow/Harris_Sparrow_0083_116588.jpg POS 0 | 8 222 236 244 247 263 305 308 
7118 122.Harris_Sparrow/Harris_Sparrow_0045_116603.jpg POS 0 | 7 219 236 243 248 250 260 261 305 
7119 122.Harris_Sparrow/Harris_Sparrow_0059_116608.jpg POS 0 | 8 219 236 244 245 250 261 305 306 
7121 122.Harris_Sparrow/Harris_Sparrow_0002_116356.jpg POS 0 | 8 219 236 243 248 250 295 305 306 
7122 122.Harris_Sparrow/Harris_Sparrow_0066_116362.jpg POS 0 | 8 222 236 243 245 250 295 308 
7125 122.Harris_Sparrow/Harris_Sparrow_0050_116369.jpg POS 0 | 8 222 230 241 246 263 305 
7126 122.Harris_Sparrow/Harris_Sparrow_0086_116373.jpg POS 0 | 8 222 235 243 245 261 295 305 306 
7128 122.Harris_Sparrow/Harris_Sparrow_0010_116376.jpg POS 0 | 7 219 236 241 245 254 260 263 299 
7130 122.Harris_Sparrow/Harris_Sparrow_0033_116380.jpg POS 0 | 8 222 236 245 261 263 295 299 308 
7131 122.Harris_Sparrow/Harris_Sparrow_0063_116383.jpg POS 0 | 8 221 236 241 245 260 261 263 308 
7133 122.Harris_Sparrow/Harris_Sparrow_0001_116398.jpg POS 0 | 8 219 236 245 261 305 
7134 122.Harris_Sparrow/Harris_Sparrow_0021_116399.jpg POS 0 | 8 219 236 243 260 261 263 305 308 
7135 122.Harris_Sparrow/Harris_Sparrow_0070_116400.jpg POS 0 | 8 219 236 244 247 250 254 260 261 295 305 306 308 
7137 122.Harris_Sparrow/Harris_Sparrow_0075_116404.jpg POS 0 | 8 222 236 243 245 250 261 299 305 
7138 122.Harris_Sparrow/Harris_Sparrow_0048_116405.jpg POS 0 | 8 219 236 247 250 260 261 263 299 305 308 
7140 122.Harris_Sparrow/Harris_Sparrow_0017_116636.jpg POS 0 | 8 219 230 244 246 301 
7148 122.Harris_Sparrow/Harris_Sparrow_0067_116707.jpg POS 0 | 8 222 235 244 245 254 260 261 263 305 308 
7149 122.Harris_Sparrow/Harris_Sparrow_0071_116476.jpg POS 0 | 8 219 236 245 249 294 
789 015.Lazuli_Bunting/Lazuli_Bunting_0004_14887.jpg NEG 1 | 8 222 230 244 248 249 254 294 
1485 027.Shiny_Cowbird/Shiny_Cowbird_0037_24440.jpg NEG 0 | 7 219 233 241 245 260 305 
2669 047.American_Goldfinch/American_Goldfinch_0049_31889.jpg NEG 0 | 8 219 236 244 245 255 300 301 
3350 058.Pigeon_Guillemot/Pigeon_Guillemot_0109_39872.jpg NEG 0 | 1 221 228 241 245 250 295 
3430 060.Glaucous_winged_Gull/Glaucous_Winged_Gull_0049_45065.jpg NEG 1 | 1 221 226 244 245 254 255 261 306 
3730 065.Slaty_backed_Gull/Slaty_Backed_Gull_0072_53314.jpg NEG 1 | 5 221 228 242 248 250 254 261 306 
4182 072.Pomarine_Jaeger/Pomarine_Jaeger_0059_61347.jpg NEG 0 | 5 218 228 241 245 260 261 305 
4727 081.Pied_Kingfisher/Pied_Kingfisher_0019_72659.jpg NEG 1 | 2 219 231 245 260 261 305 
5015 086.Pacific_Loon/Pacific_Loon_0044_75467.jpg NEG 0 | 7 221 243 246 261 305 
5040 087.Mallard/Mallard_0069_76926.jpg NEG 1 | 221 225 249 254 256 
5085 087.Mallard/Mallard_0004_76958.jpg NEG 0 | 221 226 244 248 263 302 
5762 099.Ovenbird/Ovenbird_0136_92859.jpg NEG 1 | 8 222 236 241 248 254 257 307 
6254 107.Common_Raven/Common_Raven_0082_102306.jpg NEG 0 | 7 221 232 241 245 260 305 
6288 108.White_necked_Raven/White_Necked_Raven_0055_797352.jpg NEG 1 | 221 233 241 260 305 
6473 111.Loggerhead_Shrike/Loggerhead_Shrike_0002_105195.jpg NEG 0 | 3 219 236 245 254 
7043 121.Grasshopper_Sparrow/Grasshopper_Sparrow_0107_116286.jpg NEG 0 | 7 219 233 250 263 
7077 121.Grasshopper_Sparrow/Grasshopper_Sparrow_0017_115908.jpg NEG 1 | 7 222 243 245 260 263 305 308 
7152 123.Henslow_Sparrow/Henslow_Sparrow_0081_116755.jpg NEG 1 | 8 222 230 241 245 263 305 308 
7270 125.Lincoln_Sparrow/Lincoln_Sparrow_0108_117773.jpg NEG 1 | 8 219 236 243 247 254 295 299 305 
7272 125.Lincoln_Sparrow/Lincoln_Sparrow_0110_117264.jpg NEG 1 | 8 219 236 243 245 254 260 263 295 299 
7594 130.Tree_Sparrow/Tree_Sparrow_0101_124104.jpg NEG 1 | 8 222 236 248 254 261 262 263 299 307 
7770 133.White_throated_Sparrow/White_Throated_Sparrow_0124_128801.jpg NEG 1 | 7 219 236 244 245 250 254 263 295 308 
7934 136.Barn_Swallow/Barn_Swallow_0075_130014.jpg NEG 1 | 7 219 231 241 245 250 295 
8096 138.Tree_Swallow/Tree_Swallow_0062_137426.jpg NEG 1 | 219 230 260 
8774 150.Sage_Thrasher/Sage_Thrasher_0031_796455.jpg NEG 1 | 7 222 233 242 246 250 295 
9090 155.Warbling_Vireo/Warbling_Vireo_0003_158484.jpg NEG 1 | 7 222 236 245 263 308 
10587 180.Wilson_Warbler/Wilson_Warbler_0034_175443.jpg NEG 0 | 7 219 236 244 245 255 260 305 
10638 181.Worm_eating_Warbler/Worm_Eating_Warbler_0006_176037.jpg NEG 1 | 7 219 236 244 248 250 263 305 308 
10967 187.American_Three_toed_Woodpecker/American_Three_Toed_Woodpecker_0033_796169.jpg NEG 1 | 2 219 231 241 246 260 261 300 305 
11634 198.Rock_Wren/Rock_Wren_0027_189331.jpg NEG 1 | 2 219 233 243 245 254 260 261 263 299 308 
