7810 134.Cape_Glossy_Starling/Cape_Glossy_Starling_0006_129295.jpg POS 1 | 2 219 230 241 245 249 257 294 305 
7811 134.Cape_Glossy_Starling/Cape_Glossy_Starling_0065_129299.jpg POS 1 | 2 219 236 244 248 249 260 294 305 
7814 134.Cape_Glossy_Starling/Cape_Glossy_Starling_0028_129309.jpg POS 1 | 7 221 236 241 245 249 260 263 294 305 
7816 134.Cape_Glossy_Starling/Cape_Glossy_Starling_0070_129322.jpg POS 1 | 2 222 235 244 247 256 294 
7817 134.Cape_Glossy_Starling/Cape_Glossy_Starling_0020_129328.jpg POS 1 | 7 219 236 241 245 249 260 294 
7818 134.Cape_Glossy_Starling/Cape_Glossy_Starling_0017_129337.jpg POS 1 | 7 222 233 241 247 249 254 256 301 
7821 134.Cape_Glossy_Starling/Cape_Glossy_Starling_0084_129346.jpg POS 1 | 7 221 230 241 245 260 305 
7823 134.Cape_Glossy_Starling/Cape_Glossy_Starling_0092_129349.jpg POS 1 | 8 219 226 242 245 249 256 257 294 305 
7824 134.Cape_Glossy_Starling/Cape_Glossy_Starling_0010_129352.jpg POS 1 | 7 219 231 241 245 260 305 
7826 134.Cape_Glossy_Starling/Cape_Glossy_Starling_0059_129357.jpg POS 1 | 7 219 230 249 260 294 305 
7827 134.Cape_Glossy_Starling/Cape_Glossy_Starling_0043_129358.jpg POS 1 | 2 219 236 241 245 249 260 294 305 
7828 134.Cape_Glossy_Starling/Cape_Glossy_Starling_0080_129362.jpg POS 1 | 7 221 231 241 245 260 
7831 134.Cape_Glossy_Starling/Cape_Glossy_Starling_0076_129377.jpg POS 1 | 7 222 236 244 245 249 294 
7832 134.Cape_Glossy_Starling/Cape_Glossy_Starling_0077_129378.jpg POS 1 | 7 219 236 241 245 249 294 
7833 134.Cape_Glossy_Starling/Cape_Glossy_Starling_0067_129380.jpg POS 1 | 7 222 230 242 247 249 260 294 
7834 134.Cape_Glossy_Starling/Cape_Glossy_Starling_0024_129384.jpg POS 1 | 7 219 229 241 245 249 294 
7835 134.Cape_Glossy_Starling/Cape_Glossy_Starling_0042_129385.jpg POS 1 | 7 221 230 241 245 249 260 305 
7837 134.Cape_Glossy_Starling/Cape_Glossy_Starling_0096_129388.jpg POS 1 | 7 221 230 241 245 249 260 294 
7838 134.Cape_Glossy_Starling/Cape_Glossy_Starling_0048_129397.jpg POS 1 | 7 222 236 244 248 
7840 134.Cape_Glossy_Starling/Cape_Glossy_Starling_0019_129407.jpg POS 1 | 7 219 230 241 245 249 260 294 305 
7843 134.Cape_Glossy_Starling/Cape_Glossy_Starling_0075_129431.jpg POS 1 | 8 221 233 244 248 249 260 294 305 
7844 134.Cape_Glossy_Starling/Cape_Glossy_Starling_0046_129434.jpg POS 1 | 8 219 236 241 248 256 260 305 
7845 134.Cape_Glossy_Starling/Cape_Glossy_Starling_0033_129435.jpg POS 1 | 7 219 236 247 249 294 305 
7846 134.Cape_Glossy_Starling/Cape_Glossy_Starling_0088_129437.jpg POS 1 | 7 221 230 241 248 249 294 
7847 134.Cape_Glossy_Starling/Cape_Glossy_Starling_0054_129440.jpg POS 1 | 7 219 236 241 245 249 294 
7848 134.Cape_Glossy_Starling/Cape_Glossy_Starling_0030_129443.jpg POS 1 | 2 221 231 241 248 249 294 
7850 134.Cape_Glossy_Starling/Cape_Glossy_Starling_0034_129455.jpg POS 1 | 2 219 233 249 260 
7854 134.Cape_Glossy_Starling/Cape_Glossy_Starling_0039_129469.jpg POS 1 | 7 221 233 241 245 260 305 
7855 134.Cape_Glossy_Starling/Cape_Glossy_Starling_0091_129470.jpg POS 1 | 7 219 241 245 249 254 260 294 
7861 134.Cape_Glossy_Starling/Cape_Glossy_Starling_0012_129225.jpg POS 1 | 7 219 230 248 249 294 
789 015.Lazuli_Bunting/Lazuli_Bunting_0004_14887.jpg NEG 1 | 8 222 230 244 248 249 254 294 
1485 027.Shiny_Cowbird/Shiny_Cowbird_0037_24440.jpg NEG 0 | 7 219 233 241 245 260 305 
2669 047.American_Goldfinch/American_Goldfinch_0049_31889.jpg NEG 0 | 8 219 236 244 245 255 300 301 
3350 058.Pigeon_Guillemot/Pigeon_Guillemot_0109_39872.jpg NEG 0 | 1 221 228 241 245 250 295 
3430 060.Glaucous_winged_Gull/Glaucous_Winged_Gull_0049_45065.jpg NEG 1 | 1 221 226 244 245 254 255 261 306 
3730 065.Slaty_backed_Gull/Slaty_Backed_Gull_0072_53314.jpg NEG 1 | 5 221 228 242 248 250 254 261 306 
4182 072.Pomarine_Jaeger/Pomarine_Jaeger_0059_61347.jpg NEG 0 | 5 218 228 241 245 260 261 305 
4727 081.Pied_Kingfisher/Pied_Kingfisher_0019_72659.jpg NEG 1 | 2 219 231 245 260 261 305 
5015 086.Pacific_Loon/Pacific_Loon_0044_75467.jpg NEG 0 | 7 221 243 246 261 305 
5040 087.Mallard/Mallard_0069_76926.jpg NEG 1 | 221 225 249 254 256 
5085 087.Mallard/Mallard_0004_76958.jpg NEG 0 | 221 226 244 248 263 302 
5762 099.Ovenbird/Ovenbird_0136_92859.jpg NEG 1 | 8 222 236 241 248 254 257 307 
6254 107.Common_Raven/Common_Raven_0082_102306.jpg NEG 0 | 7 221 232 241 245 260 305 
6288 108.White_necked_Raven/White_Necked_Raven_0055_797352.jpg NEG 1 | 221 233 241 260 305 
6473 111.Loggerhead_Shrike/Loggerhead_Shrike_0002_105195.jpg NEG 0 | 3 219 236 245 254 
7043 121.Grasshopper_Sparrow/Grasshopper_Sparrow_0107_116286.jpg NEG 0 | 7 219 233 250 263 
7077 121.Grasshopper_Sparrow/Grasshopper_Sparrow_0017_115908.jpg NEG 1 | 7 222 243 245 260 263 305 308 
7152 123.Henslow_Sparrow/Henslow_Sparrow_0081_116755.jpg NEG 1 | 8 222 230 241 245 263 305 308 
7270 125.Lincoln_Sparrow/Lincoln_Sparrow_0108_117773.jpg NEG 1 | 8 219 236 243 247 254 295 299 305 
7272 125.Lincoln_Sparrow/Lincoln_Sparrow_0110_117264.jpg NEG 1 | 8 219 236 243 245 254 260 263 295 299 
7594 130.Tree_Sparrow/Tree_Sparrow_0101_124104.jpg NEG 1 | 8 222 236 248 254 261 262 263 299 307 
7770 133.White_throated_Sparrow/White_Throated_Sparrow_0124_128801.jpg NEG 1 | 7 219 236 244 245 250 254 263 295 308 
7934 136.Barn_Swallow/Barn_Swallow_0075_130014.jpg NEG 1 | 7 219 231 241 245 250 295 
8096 138.Tree_Swallow/Tree_Swallow_0062_137426.jpg NEG 1 | 219 230 260 
8774 150.Sage_Thrasher/Sage_Thrasher_0031_796455.jpg NEG 1 | 7 222 233 242 246 250 295 
9090 155.Warbling_Vireo/Warbling_Vireo_0003_158484.jpg NEG 1 | 7 222 236 245 263 308 
10587 180.Wilson_Warbler/Wilson_Warbler_0034_175443.jpg NEG 0 | 7 219 236 244 245 255 260 305 
10638 181.Worm_eating_Warbler/Worm_Eating_Warbler_0006_176037.jpg NEG 1 | 7 219 236 244 248 250 263 305 308 
10967 187.American_Three_toed_Woodpecker/American_Three_Toed_Woodpecker_0033_796169.jpg NEG 1 | 2 219 231 241 246 260 261 300 305 
11634 198.Rock_Wren/Rock_Wren_0027_189331.jpg NEG 1 | 2 219 233 243 245 254 260 261 263 299 308 
